<!--
	IFS 1.3 (Iterative Forward Search)
	CourseTT 1.3 (University Course Timetabling)
	StudentSct 1.3 (Student Sectioning)
	ExamTT 1.3 (Examination Timetabling)
	Copyright (C) 2007 - 2014 Tomas Muller
	muller@unitime.org, http://muller.unitime.org
	
	This library is free software; you can redistribute it and/or modify
    it under the terms of the GNU Lesser General Public License as
    published by the Free Software Foundation; either version 3 of the
    License, or (at your option) any later version.

	This library is distributed in the hope that it will be useful,
	but WITHOUT ANY WARRANTY; without even the implied warranty of
	MERCHANTABILITY or FITNESS FOR A PARTICULAR PURPOSE.  See the GNU
	Lesser General Public License for more details.

	You should have received a copy of the GNU Lesser General Public
	License along with this library; if not see <http://www.gnu.org/licenses/>.
-->
<assembly
	xmlns="http://maven.apache.org/plugins/maven-assembly-plugin/assembly/1.1.2"
	xmlns:xsi="http://www.w3.org/2001/XMLSchema-instance"
	xsi:schemaLocation="http://maven.apache.org/plugins/maven-assembly-plugin/assembly/1.1.2 http://maven.apache.org/xsd/assembly-1.1.2.xsd">
	<id>dist</id>
	<formats>
		<format>zip</format>
	</formats>
	<fileSets>
		<fileSet>
			<directory>${project.basedir}</directory>
			<includes>
				<include>lgpl.txt</include>
			</includes>
			<useDefaultExcludes>true</useDefaultExcludes>
		</fileSet>
		<!--
		<fileSet>
			<directory>${project.basedir}/src</directory>
			<useDefaultExcludes>true</useDefaultExcludes>
		</fileSet>
		<fileSet>
			<outputDirectory>/doc</outputDirectory>
			<directory>${project.build.directory}/doc</directory>
			<useDefaultExcludes>true</useDefaultExcludes>
		</fileSet>
		-->
		<fileSet>
			<directory>${project.build.directory}</directory>
			<outputDirectory>/</outputDirectory>
			<includes>
				<include>*.jar</include>
			</includes>
		</fileSet>
	</fileSets>
	<dependencySets>
		<dependencySet>
			<outputDirectory>/lib</outputDirectory>
			<useProjectArtifact>false</useProjectArtifact>
			<unpack>false</unpack>
			<scope>runtime</scope>
		</dependencySet>
	</dependencySets>
</assembly>